"id_local";"id_distrito_local";"desc_distrito_local";"id_barrio_local";"desc_barrio_local";"id_ndp_edificio";"id_clase_ndp_edificio";"desc_ndp_edificio";"Cod_Postal";"coordenada_x_local";"coordenada_y_local";"id_tipo_acceso_local";"desc_tipo_acceso_local";"id_situacion_local";"desc_situacion_local";"secuencial_local_PC";"Escalera";"id_planta_agrupado";"id_local_agrupado";"coordenada_x_agrupacion";"coordenada_y_agrupacion";"id_periodo_terraza";"desc_periodo_terraza";"id_situacion_terraza";"desc_situacion_terraza";"Superficie_ES";"Superficie_RA";"Fecha_confir_ult_decreto_resol";"id_ndp_terraza";"id_clase_ndp_terraza";"desc_ndp_terraza";"rotulo"
"10000003";"1";"CENTRO              ";"104";"JUSTICIA            ";"11005235";"1";"CALLE  BARCELO NUM 5   ";"28004";"440664,26";"4475546,14";"1";"Puerta Calle";"1";"Abierto";"10";"";"";"";"";"";"1";"Anual";"1";"Abierta";"6,48";"6,48";"07/04/2015";"11005235";"1";"CALLE  BARCELO NUM 5   ";"VITACA"
"10000071";"1";"CENTRO              ";"106";"SOL                 ";"11007454";"1";"CALLE  BARCELONA NUM 12   ";"28012";"440498,63";"4474285,77";"1";"Puerta Calle";"1";"Abierto";"10";"";"";"";"";"";"1";"Anual";"1";"Abierta";"4,32";"4,32";"04/05/2015";"11007454";"1";"CALLE  BARCELONA NUM 12   ";"LA DESCUBIERTA"
"10000093";"1";"CENTRO              ";"104";"JUSTICIA            ";"20005422";"1";"CALLE  BARQUILLO NUM 7   ";"28004";"441063,55";"4474864,39";"1";"Puerta Calle";"1";"Abierto";"30";"";"";"";"";"";"1";"Anual";"1";"Abierta";"27,72";"27,72";"16/09/2016";"11004306";"1";"PLAZA  REY NUM 4   ";"PLAZA DEL REY CAFETERIA EL CIRCO"
"10000150";"1";"CENTRO              ";"106";"SOL                 ";"11007683";"1";"PLAZA  MAYOR NUM 1   ";"28012";"440154,52";"4474271,6";"1";"Puerta Calle";"1";"Abierto";"10";"";"";"";"";"";"1";"Anual";"1";"Abierta";"54";"54";"22/03/2016";"11007690";"1";"PLAZA  MAYOR NUM 2   ";"CAFE LOS ARCOS BAR"
"10000319";"1";"CENTRO              ";"101";"PALACIO             ";"11001044";"1";"CALLE  BAILEN NUM 20   ";"28005";"439528,48";"4473907,41";"1";"Puerta Calle";"1";"Abierto";"20";"";"";"";"";"";"1";"Anual";"1";"Abierta";"5,76";"5,76";"15/06/2015";"11001044";"1";"CALLE  BAILEN NUM 20   ";"RESTAURANTE  LA VACA ARGENTINA"
"10000325";"1";"CENTRO              ";"101";"PALACIO             ";"11000323";"1";"CALLE  VERGARA NUM 1   ";"28013";"439866,5";"4474580,85";"1";"Puerta Calle";"1";"Abierto";"10";"";"";"";"";"";"1";"Anual";"1";"Abierta";"4,32";"4,32";"01/04/2015";"11000323";"1";"CALLE  VERGARA NUM 1   ";"NEMRUT KEBAB PIZZA"
"10000401";"1";"CENTRO              ";"101";"PALACIO             ";"20003836";"1";"PLAZA  ISABEL II NUM 8   ";"28013";"439972,49";"4474593,88";"1";"Puerta Calle";"1";"Abierto";"30";"";"";"";"";"";"1";"Anual";"1";"Abierta";"9,72";"9,72";"04/03/2015";"20003822";"1";"CALLE  ARENAL NUM 30   ";"VIENA CAPELLANES"
"10000503";"1";"CENTRO              ";"106";"SOL                 ";"11007793";"1";"CALLE  ARENAL NUM 9   ";"28013";"0";"0";"1";"Agrupado";"0";"Abierto";"0";"";"PB";"EX49";"440200,06";"4474492,53";"1";"Anual";"1";"Abierta";"8,1";"8,1";"20/02/2015";"11007793";"1";"CALLE  ARENAL NUM 9   ";"CAFE AND TE (L-10)"
"10000517";"1";"CENTRO              ";"101";"PALACIO             ";"11000742";"1";"PLAZA  CEBADA NUM 9   ";"28005";"439874,65";"4473882,25";"1";"Puerta Calle";"1";"Abierto";"10";"";"";"";"";"";"1";"Anual";"1";"Abierta";"3,78";"3,78";"22/01/2015";"11000742";"1";"PLAZA  CEBADA NUM 9   ";"BAR LA EXTREMEÑA"
"10000845";"1";"CENTRO              ";"101";"PALACIO             ";"11000209";"1";"CALLE  GRAN VIA NUM 65   ";"28013";"439876,76";"4475117,48";"1";"Puerta Calle";"1";"Abierto";"30";"";"";"";"";"";"1";"Anual";"1";"Abierta";"243,2";"243,2";"12/06/2015";"11000209";"1";"CALLE  GRAN VIA NUM 65   ";"VIPS"
"10000876";"1";"CENTRO              ";"106";"SOL                 ";"11007781";"1";"CALLE  ARENAL NUM 15   ";"28013";"440074,15";"4474540,05";"1";"Puerta Calle";"1";"Abierto";"70";"";"";"";"";"";"1";"Anual";"1";"Abierta";"7,92";"7,92";"27/05/2015";"11007781";"1";"CALLE  ARENAL NUM 15   ";"GINOS"
"10001062";"1";"CENTRO              ";"103";"CORTES              ";"11003428";"1";"PLAZA  PLATERIA DE MARTINEZ NUM 1   ";"28014";"441238,25";"4473984,58";"1";"Puerta Calle";"1";"Abierto";"20";"";"";"";"";"";"1";"Anual";"1";"Abierta";"62,62";"62,62";"21/03/2016";"11003428";"1";"PLAZA  PLATERIA DE MARTINEZ NUM 1   ";"LA TAPERIA"
"10001127";"1";"CENTRO              ";"101";"PALACIO             ";"11000396";"1";"PLAZA  ISABEL II NUM 1   ";"28013";"439938,54";"4474575,65";"1";"Puerta Calle";"1";"Abierto";"20";"";"";"";"";"";"1";"Anual";"1";"Abierta";"9,72";"9,72";"05/02/2015";"11000396";"1";"PLAZA  ISABEL II NUM 1   ";"MCDONALD'S 0PERA"
"10001171";"1";"CENTRO              ";"106";"SOL                 ";"11007801";"1";"CALLE  COLOREROS NUM 4   ";"28013";"440133,08";"4474454,06";"1";"Puerta Calle";"1";"Abierto";"10";"";"";"";"";"";"1";"Anual";"1";"Abierta";"5,22";"5,22";"22/12/2014";"11007801";"1";"CALLE  COLOREROS NUM 4   ";"R0TULO NO INFORMADO"
"10001180";"1";"CENTRO              ";"106";"SOL                 ";"20007074";"1";"CALLE  COLOREROS NUM 1   ";"28013";"440120,2";"4474415,9";"1";"Puerta Calle";"1";"Abierto";"10";"";"";"";"";"";"1";"Anual";"1";"Abierta";"16,2";"16,2";"01/04/2015";"20007074";"1";"CALLE  COLOREROS NUM 1   ";"CERVECERIA  100 MONTADITOS"
"10001293";"1";"CENTRO              ";"106";"SOL                 ";"11007450";"1";"CALLE  BARCELONA NUM 4   ";"28012";"440497,01";"4474333,02";"1";"Puerta Calle";"1";"Abierto";"10";"";"";"";"";"";"1";"Anual";"1";"Abierta";"14,58";"14,58";"04/05/2015";"11007450";"1";"CALLE  BARCELONA NUM 4   ";"BAR RESTAURANTE EN BUSCA DEL TIEMPO"
"10001300";"1";"CENTRO              ";"104";"JUSTICIA            ";"11004619";"1";"CALLE  AUGUSTO FIGUEROA NUM 43   ";"28004";"441015,63";"4475045,71";"1";"Puerta Calle";"1";"Abierto";"10";"";"";"";"";"";"1";"Anual";"1";"Abierta";"26";"26";"05/03/2015";"11004607";"1";"CALLE  VALGAME DIOS NUM 2   ";"VALGAME DIOS"
"10001382";"1";"CENTRO              ";"106";"SOL                 ";"11007281";"1";"PLAZA  SAN MARTIN NUM 5   ";"28013";"440154,33";"4474668,13";"1";"Puerta Calle";"1";"Abierto";"10";"";"";"";"";"";"1";"Anual";"1";"Abierta";"43,61";"43,61";"12/12/2014";"11007281";"1";"PLAZA  SAN MARTIN NUM 5   ";"HOTEL INTUR PALACIO DE SAN MARTIN                 "
"10001429";"1";"CENTRO              ";"103";"CORTES              ";"11003871";"1";"PLAZA  SANTA ANA NUM 5   ";"28012";"440679,21";"4474265,11";"1";"Puerta Calle";"1";"Abierto";"10";"";"";"";"";"";"1";"Anual";"1";"Abierta";"57,6";"57,6";"30/12/2014";"11003871";"1";"PLAZA  SANTA ANA NUM 5   ";"O'CACHO DO JOSE"
"10001507";"1";"CENTRO              ";"106";"SOL                 ";"11007550";"1";"CALLE  POSTAS NUM 8   ";"28012";"440251,37";"4474393,95";"1";"Puerta Calle";"1";"Abierto";"10";"";"";"";"";"";"1";"Anual";"1";"Abierta";"20,88";"20,88";"25/02/2015";"11007552";"1";"CALLE  SAN CRISTOBAL NUM 1   ";"MUSEO DEL JAMON"
"10001586";"1";"CENTRO              ";"104";"JUSTICIA            ";"11005155";"1";"CALLE  ORELLANA NUM 4   ";"28004";"441101,2";"4475555,28";"1";"Puerta Calle";"1";"Abierto";"10";"";"";"";"";"";"2";"Estacional";"1";"Abierta";"12,26";"";"05/02/2015";"11005155";"1";"CALLE  ORELLANA NUM 4   ";"CACAO SAMPAKA"
"10001612";"1";"CENTRO              ";"102";"EMBAJADORES         ";"11003118";"1";"CALLE  DOCTOR DRUMEN NUM 3   ";"28012";"441312,78";"4473579,66";"1";"Puerta Calle";"1";"Abierto";"20";"";"";"";"";"";"1";"Anual";"1";"Abierta";"13,54";"13,54";"25/02/2015";"11003118";"1";"CALLE  DOCTOR DRUMEN NUM 3   ";"COPAS ROTAS"
"10001651";"1";"CENTRO              ";"103";"CORTES              ";"11003714";"1";"PLAZA  SANTA ANA NUM 13   ";"28012";"440607,62";"4474183,1";"1";"Puerta Calle";"1";"Abierto";"40";"";"";"";"";"";"1";"Anual";"1";"Abierta";"19,44";"19,44";"03/05/2016";"11003716";"1";"PLAZA  ANGEL NUM 8   ";"EL QUE FALTABA"
"10001686";"1";"CENTRO              ";"101";"PALACIO             ";"11000521";"1";"PLAZA  SAN MIGUEL NUM 1   ";"28005";"439930,92";"4474350,06";"1";"Puerta Calle";"1";"Abierto";"10";"";"";"";"";"";"2";"Estacional";"1";"Abierta";"6,48";"";"30/12/2014";"11000521";"1";"PLAZA  SAN MIGUEL NUM 1   ";"FREDDO FREDDO"
"10001692";"1";"CENTRO              ";"103";"CORTES              ";"11003967";"1";"PLAZA  CORTES NUM 7   ";"28014";"441144,08";"4474277,47";"1";"Puerta Calle";"1";"Abierto";"40";"";"";"";"";"";"1";"Anual";"1";"Abierta";"36,3";"36,3";"26/05/2015";"20104764";"1";"PLAZA  CANOVAS DEL CASTILLO NUM 5   ";"STARBUCKS COFFEE"
"10001699";"1";"CENTRO              ";"106";"SOL                 ";"11007832";"1";"CALLE  ARENAL NUM 20   ";"28013";"440106,12";"4474546,43";"1";"Puerta Calle";"1";"Abierto";"30";"";"";"";"";"";"1";"Anual";"1";"Abierta";"2,88";"2,88";"20/02/2015";"11007832";"1";"CALLE  ARENAL NUM 20   ";"CAFE AND TE"
"10001701";"1";"CENTRO              ";"106";"SOL                 ";"11007583";"1";"PLAZA  SANTA CRUZ NUM 6   ";"28012";"440236,85";"4474303,9";"1";"Puerta Calle";"1";"Abierto";"10";"";"";"";"";"";"1";"Anual";"1";"Abierta";"64,08";"64,08";"30/01/2015";"11007583";"1";"PLAZA  SANTA CRUZ NUM 6   ";"CORNER CAFE"
"10001751";"1";"CENTRO              ";"102";"EMBAJADORES         ";"11003117";"1";"CALLE  DOCTOR DRUMEN NUM 1   ";"28012";"441327,9";"4473608,99";"1";"Puerta Calle";"1";"Abierto";"10";"";"";"";"";"";"1";"Anual";"1";"Abierta";"12,6";"12,6";"23/10/2015";"11003117";"1";"CALLE  DOCTOR DRUMEN NUM 1   ";"RESTAURANTE CASA LUCIANO"
"10001786";"1";"CENTRO              ";"101";"PALACIO             ";"11000340";"1";"CALLE  VERGARA NUM 4   ";"28013";"439810,41";"4474585,85";"1";"Puerta Calle";"1";"Abierto";"10";"";"";"";"";"";"1";"Anual";"1";"Abierta";"84,24";"84,24";"07/05/2015";"11000354";"1";"CALLE  CARLOS III NUM 1   ";"R0TULO NO INFORMADO"
"10001817";"1";"CENTRO              ";"103";"CORTES              ";"11003273";"1";"CALLE  ATOCHA NUM 117   ";"28012";"441201,45";"4473723,9";"1";"Puerta Calle";"1";"Abierto";"30";"";"";"";"";"";"2";"Estacional";"1";"Abierta";"7,02";"";"22/03/2016";"11003273";"1";"CALLE  ATOCHA NUM 117   ";"EURO DONER ISTANBUL"
"10001841";"1";"CENTRO              ";"106";"SOL                 ";"20006544";"1";"CALLE  POSTIGO DE SAN MARTIN NUM 7   ";"28013";"440200,62";"4474730,61";"1";"Puerta Calle";"1";"Abierto";"10";"";"";"";"";"";"1";"Anual";"1";"Abierta";"56,88";"56,88";"26/05/2015";"20006544";"1";"CALLE  POSTIGO DE SAN MARTIN NUM 7   ";"CHOCOLATERIA VALOR"
"10001917";"1";"CENTRO              ";"106";"SOL                 ";"11007696";"1";"CALLE  CUCHILLEROS NUM 17   ";"28005";"440035,5";"4474153,44";"1";"Puerta Calle";"1";"Abierto";"20";"";"";"";"";"";"1";"Anual";"1";"Abierta";"31,86";"31,86";"25/02/2015";"11007711";"1";"CALLE  LATONEROS NUM 10   ";"CAFFETERIA GELATERIA 4D"
"10001936";"1";"CENTRO              ";"106";"SOL                 ";"11007699";"1";"CALLE  TOLEDO NUM 4   ";"28005";"440068,32";"4474236";"1";"Puerta Calle";"1";"Abierto";"10";"";"";"";"";"";"1";"Anual";"1";"Abierta";"500";"500";"27/01/2015";"11007699";"1";"CALLE  TOLEDO NUM 4   ";"CORRIENTES 348"
"10002008";"1";"CENTRO              ";"101";"PALACIO             ";"11000819";"1";"CALLE  TOLEDO NUM 74   ";"28005";"439867,3";"4473652,88";"1";"Puerta Calle";"1";"Abierto";"10";"";"";"";"";"";"1";"Anual";"1";"Abierta";"7,2";"7,2";"25/02/2015";"11000819";"1";"CALLE  TOLEDO NUM 74   ";"RESTAURANTE JAVIER MARTIN CROQUETAS Y CAFE"
"10002026";"1";"CENTRO              ";"104";"JUSTICIA            ";"11005038";"1";"CALLE  SANTA TERESA NUM 2   ";"28004";"441013,16";"4475516,39";"1";"Puerta Calle";"1";"Abierto";"40";"";"";"";"";"";"1";"Anual";"1";"Abierta";"27,66";"27,66";"30/04/2015";"20005668";"1";"CALLE  HORTALEZA NUM 120   ";"RóTULO NO INFORMADO"
"10002055";"1";"CENTRO              ";"105";"UNIVERSIDAD         ";"20006422";"1";"CALLE  GONZALO JIMENEZ DE QUESADA NUM 2   ";"28004";"440489,77";"4474848,46";"1";"Puerta Calle";"1";"Abierto";"40";"";"";"";"";"";"1";"Anual";"1";"Abierta";"22,75";"22,75";"22/12/2014";"11007166";"1";"CALLE  GRAN VIA NUM 30   ";"STARBUCKS"
"10002061";"1";"CENTRO              ";"105";"UNIVERSIDAD         ";"11006810";"1";"CALLE  GRAN VIA NUM 72   ";"28013";"439911,35";"4475138,92";"1";"Puerta Calle";"1";"Abierto";"30";"";"";"";"";"";"1";"Anual";"1";"Abierta";"15,48";"15,48";"12/01/2015";"11006810";"1";"CALLE  GRAN VIA NUM 72   ";"PARRILLA DE MARIA"
"10002063";"1";"CENTRO              ";"101";"PALACIO             ";"11000112";"1";"CALLE  GRAN VIA NUM 73   ";"28013";"439807,83";"4475176,2";"1";"Puerta Calle";"1";"Abierto";"20";"";"";"";"";"";"1";"Anual";"1";"Abierta";"19,82";"19,82";"24/04/2015";"11000112";"1";"CALLE  GRAN VIA NUM 73   ";"STARBUCKS COFFE"
"10002074";"1";"CENTRO              ";"101";"PALACIO             ";"11000168";"1";"CALLE  SILVA NUM 2   ";"28013";"440045,68";"4474860,75";"1";"Puerta Calle";"1";"Abierto";"70";"";"";"";"";"";"1";"Anual";"1";"Abierta";"22,36";"22,36";"29/04/2015";"31033430";"1";"CALLE  JACOMETREZO NUM 10   ";"CAFETERIA DOMINGO'S"
"10002081";"1";"CENTRO              ";"106";"SOL                 ";"11007254";"1";"CALLE  PRECIADOS NUM 33   ";"28013";"440132,56";"4474781,9";"1";"Puerta Calle";"1";"Abierto";"50";"";"";"";"";"";"1";"Anual";"1";"Abierta";"18,72";"18,72";"25/02/2015";"11007254";"1";"CALLE  PRECIADOS NUM 33   ";"LIZARRAN"
"10002104";"1";"CENTRO              ";"101";"PALACIO             ";"11000237";"1";"CALLE  GRAN VIA NUM 59   ";"28013";"439964,68";"4475043,14";"1";"Puerta Calle";"1";"Abierto";"10";"";"";"";"";"";"2";"Estacional";"1";"Abierta";"14,4";"";"29/12/2014";"11000237";"1";"CALLE  GRAN VIA NUM 59   ";"DI BOCCA RESTAURANTE ITALIANO"
"10002114";"1";"CENTRO              ";"101";"PALACIO             ";"11000305";"1";"CUESTA  SANTO DOMINGO NUM 12   ";"28013";"439923,2";"4474775,75";"1";"Puerta Calle";"1";"Abierto";"30";"";"";"";"";"";"1";"Anual";"1";"Abierta";"27,11";"27,11";"30/01/2015";"11000305";"1";"CUESTA  SANTO DOMINGO NUM 12   ";"EL MINIBAR"
"10002119";"1";"CENTRO              ";"101";"PALACIO             ";"11000397";"1";"CALLE  ARENAL NUM 23   ";"28013";"439957,65";"4474573,31";"1";"Puerta Calle";"1";"Abierto";"30";"";"";"";"";"";"1";"Anual";"1";"Abierta";"11,35";"11,35";"22/07/2016";"11000397";"1";"CALLE  ARENAL NUM 23   ";"RODILLA"
"10002139";"1";"CENTRO              ";"101";"PALACIO             ";"11000526";"1";"CALLE  CAVA DE SAN MIGUEL NUM 6   ";"28005";"440005,88";"4474273,17";"1";"Puerta Calle";"1";"Abierto";"60";"";"";"";"";"";"1";"Anual";"1";"Abierta";"7,02";"7,02";"19/01/2015";"11000526";"1";"CALLE  CAVA DE SAN MIGUEL NUM 6   ";"DON CARNARL"
"10002179";"1";"CENTRO              ";"106";"SOL                 ";"11007460";"1";"CALLE  CADIZ NUM 9   ";"28012";"440497,14";"4474357,15";"1";"Puerta Calle";"1";"Abierto";"10";"";"";"";"";"";"1";"Anual";"1";"Abierta";"5,58";"5,58";"04/05/2015";"11007460";"1";"CALLE  CADIZ NUM 9   ";"MALASPINA"
"10002237";"1";"CENTRO              ";"101";"PALACIO             ";"11000698";"1";"PLAZA  PAJA NUM 3   ";"28005";"439751,41";"4474036,53";"1";"Puerta Calle";"1";"Abierto";"10";"";"";"";"";"";"1";"Anual";"1";"Abierta";"30,96";"30,96";"20/02/2015";"11000698";"1";"PLAZA  PAJA NUM 3   ";"NAIA"
"10002288";"1";"CENTRO              ";"106";"SOL                 ";"11007445";"1";"CALLE  ALCALA NUM 21   ";"28014";"440749,26";"4474591,54";"1";"Puerta Calle";"1";"Abierto";"10";"";"";"";"";"";"1";"Anual";"1";"Abierta";"30,6";"30,6";"15/06/2015";"11007445";"1";"CALLE  ALCALA NUM 21   ";"COFFEE&SALADS"
"10002297";"1";"CENTRO              ";"106";"SOL                 ";"11007826";"1";"CALLE  ARENAL NUM 6   ";"28013";"440266,52";"4474494,7";"1";"Puerta Calle";"1";"Abierto";"10";"";"";"";"";"";"1";"Anual";"1";"Abierta";"9,84";"9,84";"13/11/2014";"11007826";"1";"CALLE  ARENAL NUM 6   ";"MESON 5 JOTAS"
"10002300";"1";"CENTRO              ";"105";"UNIVERSIDAD         ";"11005645";"1";"CALLE  FUENCARRAL NUM 43   ";"28004";"440632,94";"447516,95";"1";"Puerta Calle";"1";"Abierto";"80";"";"";"";"";"";"1";"Anual";"1";"Abierta";"28,44";"28,44";"15/06/2015";"11005645";"1";"CALLE  FUENCARRAL NUM 43   ";"STARBUCKS COFFE                                   "
"10002337";"1";"CENTRO              ";"106";"SOL                 ";"11007445";"1";"CALLE  ALCALA NUM 21   ";"28014";"440764,15";"4474598,06";"1";"Puerta Calle";"1";"Abierto";"20";"";"";"";"";"";"1";"Anual";"1";"Abierta";"47,74";"47,74";"04/05/2015";"11007445";"1";"CALLE  ALCALA NUM 21   ";"STARBUCKS"
"10002356";"1";"CENTRO              ";"101";"PALACIO             ";"11000747";"1";"CALLE  SAN BRUNO NUM 1   ";"28005";"440068,8";"4474019,19";"1";"Puerta Calle";"1";"Abierto";"20";"";"";"";"";"";"1";"Anual";"1";"Abierta";"23,4";"23,4";"04/05/2015";"11000747";"1";"CALLE  SAN BRUNO NUM 1   ";"BAR SAN BRUNO"
"10002357";"1";"CENTRO              ";"102";"EMBAJADORES         ";"11003120";"1";"PLAZA  EMPERADOR CARLOS V NUM 9   ";"28012";"441329,83";"4473563,15";"1";"Puerta Calle";"1";"Abierto";"20";"";"";"";"";"";"1";"Anual";"1";"Abierta";"39,78";"39,78";"12/01/2015";"11003120";"1";"PLAZA  EMPERADOR CARLOS V NUM 9   ";"100 MONTADITOS"
"10002364";"1";"CENTRO              ";"103";"CORTES              ";"11004160";"1";"CALLE  ALCALA NUM 35   ";"28014";"440887,18";"4474649,68";"1";"Puerta Calle";"1";"Abierto";"10";"";"";"";"";"";"1";"Anual";"1";"Abierta";"33,5";"33,5";"26/06/2015";"11004160";"1";"CALLE  ALCALA NUM 35   ";"OTOTOI"
"10002373";"1";"CENTRO              ";"101";"PALACIO             ";"20147514";"1";"PLAZA  CONDE DE MIRANDA NUM 4   ";"28005";"43992,79";"4474265,26";"1";"Puerta Calle";"1";"Abierto";"10";"";"";"";"";"";"1";"Anual";"1";"Abierta";"7,04";"7,04";"14/08/2014";"20003864";"1";"CALLE  CONDE DE MIRANDA NUM 2   ";"TABERNA MIRANDA"
"10002400";"1";"CENTRO              ";"103";"CORTES              ";"20104659";"1";"PLAZA  ANGEL NUM 1   ";"28012";"440468,16";"4474215,14";"1";"Puerta Calle";"1";"Abierto";"10";"";"";"";"";"";"1";"Anual";"1";"Abierta";"5,76";"5,76";"26/05/2015";"20104659";"1";"PLAZA  ANGEL NUM 1   ";"RESTAURANTE CHINO PLAZA DEL ANGEL"
"10002435";"1";"CENTRO              ";"106";"SOL                 ";"11007683";"1";"PLAZA  MAYOR NUM 1   ";"28012";"440160,69";"4474276,83";"1";"Puerta Calle";"1";"Abierto";"30";"";"";"";"";"";"1";"Anual";"1";"Abierta";"43,64";"43,64";"12/11/2014";"20007004";"1";"PLAZA  MAYOR NUM 35   ";"RESTAURANTE CASA CARMEN"
"10002469";"1";"CENTRO              ";"106";"SOL                 ";"11007454";"1";"CALLE  BARCELONA NUM 12   ";"28012";"440498,07";"4474297,44";"1";"Puerta Calle";"1";"Abierto";"20";"";"";"";"";"";"1";"Anual";"1";"Abierta";"4,32";"4,32";"04/05/2015";"11007454";"1";"CALLE  BARCELONA NUM 12   ";"RóTULO NO INFORMADO"
"10002508";"1";"CENTRO              ";"106";"SOL                 ";"11007306";"1";"CALLE  GRAN VIA NUM 39   ";"28013";"440260,59";"4474829,12";"1";"Puerta Calle";"1";"Abierto";"30";"";"";"";"";"";"1";"Anual";"1";"Abierta";"36,91";"36,91";"01/06/2015";"11007219";"1";"PLAZA  CALLAO NUM 3   ";"STARBUCKS COFFEE"
"10002538";"1";"CENTRO              ";"102";"EMBAJADORES         ";"11003007";"1";"CALLE  ARGUMOSA NUM 9   ";"28012";"440757,39";"4473522,96";"1";"Puerta Calle";"1";"Abierto";"10";"";"";"";"";"";"1";"Anual";"1";"Abierta";"3,78";"3,78";"27/01/2015";"11003007";"1";"CALLE  ARGUMOSA NUM 9   ";"EL ECON0MICO"
"10002547";"1";"CENTRO              ";"102";"EMBAJADORES         ";"11001651";"1";"CALLE  MAGDALENA NUM 1   ";"28012";"440442,66";"4473991,87";"1";"Puerta Calle";"1";"Abierto";"10";"";"";"";"";"";"1";"Anual";"1";"Abierta";"24,13";"24,13";"26/05/2015";"11001651";"1";"CALLE  MAGDALENA NUM 1   ";"LAS TAPAS DEL MUNDO"
"10002570";"1";"CENTRO              ";"102";"EMBAJADORES         ";"11002738";"1";"CALLE  AVE MARIA NUM 52   ";"28012";"440621,68";"4473613,82";"1";"Puerta Calle";"1";"Abierto";"20";"";"";"";"";"";"1";"Anual";"1";"Abierta";"9,36";"9,36";"03/05/2016";"20004738";"1";"PLAZA  LAVAPIES NUM 2   ";"BAR PORTO"
"10002742";"1";"CENTRO              ";"105";"UNIVERSIDAD         ";"11006809";"1";"CALLE  GRAN VIA NUM 70   ";"28013";"439926,4";"4475129";"1";"Puerta Calle";"1";"Abierto";"20";"";"";"";"";"";"1";"Anual";"1";"Abierta";"10,8";"10,8";"29/12/2014";"11006809";"1";"CALLE  GRAN VIA NUM 70   ";"HOTEL SENATOR ESPAÑA"
"10002821";"1";"CENTRO              ";"102";"EMBAJADORES         ";"11003093";"1";"RONDA  ATOCHA NUM 10   ";"28012";"441053,72";"4473400,44";"1";"Puerta Calle";"1";"Abierto";"50";"";"";"";"";"";"2";"Estacional";"1";"Abierta";"45,36";"";"30/01/2015";"20004892";"1";"CALLE  ARGUMOSA NUM 30   ";"RóTULO NO INFORMADO"
"10002824";"1";"CENTRO              ";"106";"SOL                 ";"11007759";"1";"CALLE  POSTAS NUM 11   ";"28012";"440229,57";"4474365,97";"1";"Puerta Calle";"1";"Abierto";"10";"";"";"";"";"";"1";"Anual";"1";"Abierta";"4,68";"4,68";"23/09/2016";"20007034";"1";"CALLE  SAN CRISTOBAL NUM 6   ";"PANS & COMPANY"
"10002848";"1";"CENTRO              ";"104";"JUSTICIA            ";"11004571";"1";"PLAZA  PEDRO ZEROLO NUM 12   ";"28004";"440809,67";"4474885,26";"1";"Puerta Calle";"1";"Abierto";"10";"";"";"";"";"";"1";"Anual";"1";"Abierta";"55,44";"55,44";"30/04/2015";"11004570";"1";"PLAZA  PEDRO ZEROLO NUM 11   ";"HOTEL OSCAR ROOM MATE"
"10002857";"1";"CENTRO              ";"105";"UNIVERSIDAD         ";"11006812";"1";"CALLE  GRAN VIA NUM 76   ";"28013";"439872,59";"4475171,22";"1";"Puerta Calle";"1";"Abierto";"20";"";"";"";"";"";"1";"Anual";"1";"Abierta";"15,34";"15,34";"29/12/2014";"11006812";"1";"CALLE  GRAN VIA NUM 76   ";"FRIDAYS"
"10002879";"1";"CENTRO              ";"105";"UNIVERSIDAD         ";"11006172";"1";"PLAZA  DOS DE MAYO NUM 9   ";"28004";"440402,86";"447555,52";"1";"Puerta Calle";"1";"Abierto";"20";"";"";"";"";"";"1";"Anual";"1";"Abierta";"20,02";"20,02";"16/12/2014";"11006171";"1";"PLAZA  DOS DE MAYO NUM 10   ";"PIZZERIA MARAVILLAS"
"10002882";"1";"CENTRO              ";"105";"UNIVERSIDAD         ";"11005814";"1";"PLAZA  CARLOS CAMBRONERO NUM 4   ";"28004";"440400,82";"4475186,06";"1";"Puerta Calle";"1";"Abierto";"10";"";"";"";"";"";"1";"Anual";"1";"Abierta";"65,52";"65,52";"04/05/2015";"11005814";"1";"PLAZA  CARLOS CAMBRONERO NUM 4   ";"LAMUCCA"
"10002968";"1";"CENTRO              ";"105";"UNIVERSIDAD         ";"11006843";"1";"CALLE  REYES NUM 21   ";"28015";"439874,42";"4475243,96";"1";"Puerta Calle";"1";"Abierto";"20";"";"";"";"";"";"2";"Estacional";"1";"Abierta";"15,84";"";"19/01/2015";"11006843";"1";"CALLE  REYES NUM 21   ";"RINCON DE REYES"
"10002975";"1";"CENTRO              ";"105";"UNIVERSIDAD         ";"11005914";"1";"CALLE  SAN BERNARDO NUM 56   ";"28015";"440112,55";"4475403,67";"1";"Puerta Calle";"1";"Abierto";"20";"";"";"";"";"";"1";"Anual";"1";"Abierta";"18,72";"18,72";"20/11/2014";"11005914";"1";"CALLE  SAN BERNARDO NUM 56   ";"TANTALO"
"10002986";"1";"CENTRO              ";"104";"JUSTICIA            ";"11004487";"1";"CALLE  PEREZ GALDOS NUM 3   ";"28004";"440693,99";"4475096,32";"1";"Puerta Calle";"1";"Abierto";"10";"";"";"";"";"";"1";"Anual";"1";"Abierta";"16,38";"16,38";"20/02/2015";"11004487";"1";"CALLE  PEREZ GALDOS NUM 3   ";"EL 3 DE GALDOS"
"10003016";"1";"CENTRO              ";"101";"PALACIO             ";"11001024";"1";"COSTANILLA  SAN ANDRES NUM 16   ";"28005";"439715,29";"4473988,53";"1";"Puerta Calle";"1";"Abierto";"10";"";"";"";"";"";"1";"Anual";"1";"Abierta";"31,86";"31,86";"12/11/2014";"11001024";"1";"COSTANILLA  SAN ANDRES NUM 16   ";"RESTAURANTE VIVA LA VIDA"
"10003144";"1";"CENTRO              ";"103";"CORTES              ";"11003875";"1";"PLAZA  SANTA ANA NUM 1   ";"28012";"440616,16";"4474255,61";"1";"Puerta Calle";"1";"Abierto";"10";"";"";"";"";"";"1";"Anual";"1";"Abierta";"75";"75";"26/01/2015";"11003875";"1";"PLAZA  SANTA ANA NUM 1   ";"MESON CINCO JOTAS"
"10003286";"1";"CENTRO              ";"106";"SOL                 ";"11007711";"1";"CALLE  LATONEROS NUM 10   ";"28005";"440043,57";"4474155,44";"1";"Puerta Calle";"1";"Abierto";"10";"";"";"";"";"";"1";"Anual";"1";"Abierta";"17,64";"17,64";"05/02/2015";"11007711";"1";"CALLE  LATONEROS NUM 10   ";"EL MADROÑO"
"10003297";"1";"CENTRO              ";"103";"CORTES              ";"11003853";"1";"PLAZA  SANTA ANA NUM 14   ";"28012";"440601,05";"4474205,81";"1";"Puerta Calle";"1";"Abierto";"10";"";"";"";"";"";"1";"Anual";"1";"Abierta";"42,48";"42,48";"01/04/2015";"11003793";"1";"PLAZA  ANGEL NUM 7   ";"R0TULO NO INFORMADO"
"10003397";"1";"CENTRO              ";"106";"SOL                 ";"11007721";"1";"CALLE  CIUDAD RODRIGO NUM 2   ";"28012";"440026,29";"4474348,72";"1";"Puerta Calle";"1";"Abierto";"10";"";"";"";"";"";"1";"Anual";"1";"Abierta";"73,44";"73,44";"21/03/2016";"20006988";"1";"PLAZA  MAYOR NUM 24   ";"CASA MARIA"
"10003486";"1";"CENTRO              ";"105";"UNIVERSIDAD         ";"11005485";"1";"CALLE  FUENCARRAL NUM 95   ";"28004";"440582,64";"4475615,19";"1";"Puerta Calle";"1";"Abierto";"30";"";"";"";"";"";"1";"Anual";"1";"Abierta";"20,52";"20,52";"09/10/2015";"11005485";"1";"CALLE  FUENCARRAL NUM 95   ";"LE PAIN QUOTIDIEN"
"10003503";"1";"CENTRO              ";"106";"SOL                 ";"11007823";"1";"COSTANILLA  ANGELES NUM 2   ";"28013";"439987,94";"4474589,51";"1";"Puerta Calle";"1";"Abierto";"30";"";"";"";"";"";"1";"Anual";"1";"Abierta";"11,16";"11,16";"16/09/2016";"11007836";"1";"CALLE  ARENAL NUM 28   ";"SIN ESPECIFICAR"
"10003511";"1";"CENTRO              ";"104";"JUSTICIA            ";"11005234";"1";"CALLE  BARCELO NUM 3   ";"28004";"440655,77";"4475541,4";"1";"Puerta Calle";"1";"Abierto";"10";"";"";"";"";"";"1";"Anual";"1";"Abierta";"4,68";"4,68";"20/02/2015";"11005234";"1";"CALLE  BARCELO NUM 3   ";"BURGUER KING"
"10003543";"1";"CENTRO              ";"101";"PALACIO             ";"11000722";"1";"PLAZA  PUERTA DE MOROS NUM 8   ";"28005";"439801,19";"4473905,14";"1";"Puerta Calle";"1";"Abierto";"20";"";"";"";"";"";"1";"Anual";"1";"Abierta";"39,57";"39,57";"12/05/2014";"31041413";"1";"PLAZA  HUMILLADERO NUM 5   ";"VAOVA"
"10003554";"1";"CENTRO              ";"101";"PALACIO             ";"11000321";"1";"CALLE  UNION NUM 10   ";"28013";"439832,52";"4474572,49";"1";"Puerta Calle";"1";"Abierto";"10";"";"";"";"";"";"1";"Anual";"1";"Abierta";"2,38";"2,38";"19/04/2016";"31037358";"1";"CALLE  VERGARA NUM 3  B";"PIZERIA VIA APPIA"
"10003598";"1";"CENTRO              ";"102";"EMBAJADORES         ";"11003120";"1";"PLAZA  EMPERADOR CARLOS V NUM 9   ";"28012";"441309,9";"4473576,71";"1";"Puerta Calle";"1";"Abierto";"30";"";"";"";"";"";"1";"Anual";"1";"Abierta";"34,1";"34,1";"18/03/2015";"20004912";"1";"CALLE  DOCTOR DRUMEN NUM 5   ";"STARBUCKS COFFE"
"10003612";"1";"CENTRO              ";"104";"JUSTICIA            ";"11004570";"1";"PLAZA  PEDRO ZEROLO NUM 11   ";"28004";"440817,45";"4474916,88";"1";"Puerta Calle";"1";"Abierto";"10";"";"";"";"";"";"1";"Anual";"1";"Abierta";"34,2";"34,2";"04/03/2015";"11004570";"1";"PLAZA  PEDRO ZEROLO NUM 11   ";"TOMA JAMON"
"10003661";"1";"CENTRO              ";"103";"CORTES              ";"11003722";"1";"PLAZA  SANTA ANA NUM 6   ";"28012";"440696,7";"4474203,6";"1";"Puerta Calle";"1";"Abierto";"10";"";"";"";"";"";"1";"Anual";"1";"Abierta";"43";"43";"30/12/2014";"11003722";"1";"PLAZA  SANTA ANA NUM 6   ";"HOTEL RESTAURANTE MIAU"
"20000005";"2";"ARGANZUELA          ";"205";"DELICIAS            ";"11009668";"1";"PASEO  DELICIAS NUM 108   ";"28045";"441150,99";"4472127,88";"1";"Puerta Calle";"1";"Abierto";"30";"";"";"";"";"";"2";"Estacional";"1";"Abierta";"18,72";"";"12/06/2014";"11009668";"1";"PASEO  DELICIAS NUM 108   ";"RESTAURANTE DOMINGUEZ BAR"
"20000056";"2";"ARGANZUELA          ";"201";"IMPERIAL            ";"11008214";"1";"PASEO  IMPERIAL NUM 50   ";"28005";"439419,77";"4472790,38";"1";"Puerta Calle";"1";"Abierto";"30";"";"";"";"";"";"1";"Anual";"1";"Abierta";"12,96";"12,96";"07/05/2014";"11008214";"1";"PASEO  IMPERIAL NUM 50   ";"BAR RESTAURANTE MARTIN"
"20000080";"2";"ARGANZUELA          ";"203";"CHOPERA             ";"11009093";"1";"CALLE  GUILLERMO DE OSMA NUM 19   ";"28045";"440958,72";"4471897,87";"1";"Puerta Calle";"1";"Abierto";"20";"";"";"";"";"";"1";"Anual";"1";"Abierta";"34,33";"34,33";"30/05/2014";"11009093";"1";"CALLE  GUILLERMO DE OSMA NUM 19   ";"CAFE BAR MANZANARES"
"20000083";"2";"ARGANZUELA          ";"205";"DELICIAS            ";"11009412";"1";"PASEO  DELICIAS NUM 119   ";"28045";"441155,7";"4471829,89";"1";"Puerta Calle";"1";"Abierto";"10";"";"";"";"";"";"2";"Estacional";"1";"Abierta";"9,36";"";"04/09/2014";"11009412";"1";"PASEO  DELICIAS NUM 119   ";"ROYAL DONER KEBAB"
"20000085";"2";"ARGANZUELA          ";"205";"DELICIAS            ";"11009417";"1";"PASEO  DELICIAS NUM 129   ";"28045";"441149,8";"4471767,68";"1";"Puerta Calle";"1";"Abierto";"10";"";"";"";"";"";"2";"Estacional";"1";"Abierta";"11,75";"";"01/08/2014";"11009417";"1";"PASEO  DELICIAS NUM 129   ";"BAR CASA ESTRELLA"
"20000099";"2";"ARGANZUELA          ";"203";"CHOPERA             ";"11009032";"1";"PASEO  DELICIAS NUM 130   ";"28045";"441125,13";"4471851,71";"1";"Puerta Calle";"1";"Abierto";"10";"";"";"";"";"";"1";"Anual";"1";"Abierta";"29,45";"29,45";"13/04/2016";"11009032";"1";"PASEO  DELICIAS NUM 130   ";"CAFE DE ORO"
"20000100";"2";"ARGANZUELA          ";"203";"CHOPERA             ";"11009033";"1";"PASEO  DELICIAS NUM 132   ";"28045";"441123,83";"4471839,9";"1";"Puerta Calle";"1";"Abierto";"10";"";"";"";"";"";"1";"Anual";"1";"Abierta";"17,36";"17,36";"30/04/2014";"11009033";"1";"PASEO  DELICIAS NUM 132   ";"CERVECERIA LA LASTRA"
"20000106";"2";"ARGANZUELA          ";"202";"ACACIAS             ";"11008644";"1";"PASEO  ESPERANZA NUM 33   ";"28005";"440409,89";"4472597,14";"1";"Puerta Calle";"1";"Abierto";"20";"";"";"";"";"";"1";"Anual";"1";"Abierta";"16,84";"16,84";"02/02/2016";"11008644";"1";"PASEO  ESPERANZA NUM 33   ";"TABERNA EXTREMEÑA"
"20000108";"2";"ARGANZUELA          ";"206";"PALOS DE MOGUER     ";"11010045";"1";"CALLE  ANCORA NUM 10   ";"28045";"441341,38";"4472903,94";"1";"Puerta Calle";"1";"Abierto";"20";"";"";"";"";"";"1";"Anual";"1";"Abierta";"68,12";"68,12";"30/05/2014";"11010045";"1";"CALLE  ANCORA NUM 10   ";"BAR JUANITO"
"20000110";"2";"ARGANZUELA          ";"202";"ACACIAS             ";"11008442";"1";"PASEO  ACACIAS NUM 12   ";"28005";"440186,3";"4473071,12";"1";"Puerta Calle";"1";"Abierto";"20";"";"";"";"";"";"1";"Anual";"1";"Abierta";"105,97";"67,92";"04/09/2014";"11008442";"1";"PASEO  ACACIAS NUM 12   ";"A'TRAPALLADA"
"20000113";"2";"ARGANZUELA          ";"201";"IMPERIAL            ";"11008085";"1";"CALLE  JUAN DUQUE NUM 47   ";"28005";"439064,76";"4473599,89";"1";"Puerta Calle";"1";"Abierto";"30";"";"";"";"";"";"2";"Estacional";"1";"Abierta";"21,42";"";"01/08/2014";"11008085";"1";"CALLE  JUAN DUQUE NUM 47   ";"BAR GAMOS"
"20000116";"2";"ARGANZUELA          ";"206";"PALOS DE MOGUER     ";"11009912";"1";"PASEO  DELICIAS NUM 57   ";"28045";"441239,23";"4472711,13";"1";"Puerta Calle";"1";"Abierto";"20";"";"";"";"";"";"2";"Estacional";"1";"Abierta";"36,08";"";"04/09/2014";"11009912";"1";"PASEO  DELICIAS NUM 57   ";"BAR EL INFINITO"
"20000131";"2";"ARGANZUELA          ";"206";"PALOS DE MOGUER     ";"11010307";"1";"CALLE  ANCORA NUM 19   ";"28045";"441417,44";"4472932,52";"1";"Puerta Calle";"1";"Abierto";"10";"";"";"";"";"";"1";"Anual";"1";"Abierta";"65,07";"65,07";"12/01/2015";"11010307";"1";"CALLE  ANCORA NUM 19   ";"PAPAS PIZZA"
"20000147";"2";"ARGANZUELA          ";"206";"PALOS DE MOGUER     ";"11010291";"1";"CALLE  ANCORA NUM 9   ";"28045";"441344,68";"4472937,04";"1";"Puerta Calle";"1";"Abierto";"10";"";"";"";"";"";"1";"Anual";"1";"Abierta";"45,88";"45,88";"10/07/2014";"11010291";"1";"CALLE  ANCORA NUM 9   ";"CAFE PASTELERIA CAFETERIA"
"20000164";"2";"ARGANZUELA          ";"206";"PALOS DE MOGUER     ";"11010031";"1";"CALLE  GENERAL LACY NUM 28   ";"28045";"441472,95";"4472892,83";"1";"Puerta Calle";"1";"Abierto";"30";"";"";"";"";"";"2";"Estacional";"1";"Abierta";"25,92";"";"12/07/2016";"11010031";"1";"CALLE  GENERAL LACY NUM 28   ";"BAR ANCORA"
"20000172";"2";"ARGANZUELA          ";"206";"PALOS DE MOGUER     ";"11010010";"1";"CALLE  ANCORA NUM 28   ";"28045";"441537,16";"4472889,55";"1";"Puerta Calle";"1";"Abierto";"10";"";"";"";"";"";"1";"Anual";"1";"Abierta";"37,41";"37,41";"30/04/2014";"11010010";"1";"CALLE  ANCORA NUM 28   ";"BAR SORIA"
"20000182";"2";"ARGANZUELA          ";"201";"IMPERIAL            ";"11008266";"1";"GLORIETA  PUERTA DE TOLEDO NUM 4   ";"28005";"439676,85";"4473298,9";"1";"Puerta Calle";"1";"Abierto";"10";"";"";"";"";"";"1";"Anual";"1";"Abierta";"91,93";"91,93";"16/06/2014";"11008266";"1";"GLORIETA  PUERTA DE TOLEDO NUM 4   ";"CAFE Y TE PUERTA DE TOLEDO 4"
"20000218";"2";"ARGANZUELA          ";"205";"DELICIAS            ";"11009759";"1";"CALLE  EMBAJADORES NUM 133   ";"28045";"440987,61";"4472302,1";"1";"Puerta Calle";"1";"Abierto";"40";"";"";"";"";"";"1";"Anual";"1";"Abierta";"28,8";"28,8";"11/08/2016";"11009759";"1";"CALLE  EMBAJADORES NUM 133   ";"LA PERLA"
"20000314";"2";"ARGANZUELA          ";"203";"CHOPERA             ";"11008916";"1";"CALLE  JAIME EL CONQUISTADOR NUM 15   ";"28045";"440878,24";"4472234,82";"1";"Puerta Calle";"1";"Abierto";"30";"";"";"";"";"";"1";"Anual";"1";"Abierta";"19,12";"19,12";"12/01/2015";"11008916";"1";"CALLE  JAIME EL CONQUISTADOR NUM 15   ";"BAR LAS TINAJAS"
"20000320";"2";"ARGANZUELA          ";"202";"ACACIAS             ";"11008625";"1";"PASEO  ESPERANZA NUM 21   ";"28005";"440342,91";"4472718,76";"1";"Puerta Calle";"1";"Abierto";"10";"";"";"";"";"";"2";"Estacional";"1";"Abierta";"36,87";"";"12/01/2015";"11008625";"1";"PASEO  ESPERANZA NUM 21   ";"R0TULO NO INFORMADO"
"20000348";"2";"ARGANZUELA          ";"205";"DELICIAS            ";"11009681";"1";"CALLE  EMBAJADORES NUM 155   ";"28045";"441072,62";"4472138,05";"1";"Puerta Calle";"1";"Abierto";"20";"";"";"";"";"";"1";"Anual";"1";"Abierta";"16,74";"16,74";"13/03/2015";"11009681";"1";"CALLE  EMBAJADORES NUM 155   ";"CERVECERIA IZA (RESTAURANTE BON APPETIT)"
"20000359";"2";"ARGANZUELA          ";"206";"PALOS DE MOGUER     ";"11010160";"1";"CALLE  EMBAJADORES NUM 63   ";"28012";"440579,27";"4473054,23";"1";"Puerta Calle";"1";"Abierto";"20";"";"";"";"";"";"1";"Anual";"1";"Abierta";"19,35";"19,35";"22/05/2014";"11010160";"1";"CALLE  EMBAJADORES NUM 63   ";"LOS CHIQUITOS BAR DE TAPAS"
"20000364";"2";"ARGANZUELA          ";"201";"IMPERIAL            ";"11008020";"1";"PASEO  VIRGEN DEL PUERTO NUM 5   ";"28005";"438954,24";"447411,99";"1";"Puerta Calle";"1";"Abierto";"20";"";"";"";"";"";"1";"Anual";"1";"Abierta";"73,72";"43,89";"17/12/2014";"11008020";"1";"PASEO  VIRGEN DEL PUERTO NUM 5   ";"NO SOLICITADO"
"20000381";"2";"ARGANZUELA          ";"202";"ACACIAS             ";"20083370";"1";"CALLE  GARGANTILLA NUM 9   ";"28005";"440374,26";"4472462,38";"1";"Puerta Calle";"1";"Abierto";"10";"";"";"";"";"";"2";"Estacional";"1";"Abierta";"28,71";"";"01/08/2014";"20083370";"1";"CALLE  GARGANTILLA NUM 9   ";"EL LAGAR RESTAURANTE CASUAL"
"20000397";"2";"ARGANZUELA          ";"201";"IMPERIAL            ";"20138992";"1";"CALLE  SANGARCIA NUM 5   ";"28005";"439102,36";"4473090,05";"1";"Puerta Calle";"1";"Abierto";"30";"";"";"";"";"";"2";"Estacional";"1";"Abierta";"18,72";"";"12/01/2015";"20138992";"1";"CALLE  SANGARCIA NUM 5   ";"CAFETERIA EL PASEO"
"20000407";"2";"ARGANZUELA          ";"206";"PALOS DE MOGUER     ";"20008042";"1";"CALLE  MENDEZ ALVARO NUM 28   ";"28045";"441800,88";"4472747,96";"1";"Puerta Calle";"1";"Abierto";"10";"";"";"";"";"";"1";"Anual";"1";"Abierta";"17,47";"17,47";"09/12/2014";"20008042";"1";"CALLE  MENDEZ ALVARO NUM 28   ";"HOTEL RAFAEL ATOCHA"
"20000411";"2";"ARGANZUELA          ";"205";"DELICIAS            ";"11009853";"1";"CALLE  FERROCARRIL NUM 33   ";"28045";"440916,45";"4472682,61";"1";"Puerta Calle";"1";"Abierto";"30";"";"";"";"";"";"1";"Anual";"1";"Abierta";"50,84";"50,84";"12/01/2015";"11009853";"1";"CALLE  FERROCARRIL NUM 33   ";"TABERNA VAG0N"
"20000419";"2";"ARGANZUELA          ";"206";"PALOS DE MOGUER     ";"11010447";"1";"CALLE  MENDEZ ALVARO NUM 2   ";"28045";"441310,46";"4473374,49";"1";"Puerta Calle";"1";"Abierto";"30";"";"";"";"";"";"1";"Anual";"1";"Abierta";"64,98";"64,98";"30/05/2014";"11010447";"1";"CALLE  MENDEZ ALVARO NUM 2   ";"CAFETERIA LA OCHAVA"
"20000440";"2";"ARGANZUELA          ";"203";"CHOPERA             ";"11008898";"1";"CALLE  EMBAJADORES NUM 134   ";"28045";"440895,16";"4472388,76";"1";"Puerta Calle";"1";"Abierto";"30";"";"";"";"";"";"2";"Estacional";"1";"Abierta";"49,08";"";"04/09/2014";"20007540";"1";"CALLE  JAIME EL CONQUISTADOR NUM 1   ";"CASA MAXI"
"20000446";"2";"ARGANZUELA          ";"206";"PALOS DE MOGUER     ";"11010402";"1";"PASEO  SANTA MARIA DE LA CABEZA NUM 2   ";"28045";"441227,31";"4473378,47";"1";"Puerta Calle";"1";"Abierto";"30";"";"";"";"";"";"1";"Anual";"1";"Abierta";"41,32";"41,32";"16/06/2014";"11010402";"1";"PASEO  SANTA MARIA DE LA CABEZA NUM 2   ";"BURGER KING"
"20000447";"2";"ARGANZUELA          ";"206";"PALOS DE MOGUER     ";"11010313";"1";"CALLE  GENERAL LACY NUM 14   ";"28045";"441482,76";"4473008,74";"1";"Puerta Calle";"1";"Abierto";"10";"";"";"";"";"";"1";"Anual";"1";"Abierta";"18,72";"18,72";"12/01/2015";"11010313";"1";"CALLE  GENERAL LACY NUM 14   ";"BODEGAS ROSELL"
"20000462";"2";"ARGANZUELA          ";"202";"ACACIAS             ";"11010590";"1";"CALLE  ARGANDA NUM 2   ";"28005";"439925,2";"4472482,24";"1";"Puerta Calle";"1";"Abierto";"10";"";"";"";"";"";"2";"Estacional";"1";"Abierta";"53,46";"";"12/01/2015";"20007458";"1";"PASEO  YESERIAS NUM 27   ";"EUROBAR COPPOLA"
"20000464";"2";"ARGANZUELA          ";"206";"PALOS DE MOGUER     ";"11009913";"1";"PASEO  DELICIAS NUM 59   ";"28045";"441255,53";"4472694,7";"1";"Puerta Calle";"1";"Abierto";"20";"";"";"";"";"";"2";"Estacional";"1";"Abierta";"38,8";"";"15/07/2014";"20149803";"1";"CALLE  BUSTAMANTE NUM 1   ";"CERVECERIA LA CUCAÑA"
"20000468";"2";"ARGANZUELA          ";"207";"ATOCHA              ";"20111956";"1";"CALLE  RETAMA NUM 7   ";"28045";"442713,64";"4471891,95";"1";"Puerta Calle";"1";"Abierto";"40";"";"";"";"";"";"2";"Estacional";"1";"Abierta";"35,64";"";"24/07/2014";"20111956";"1";"CALLE  RETAMA NUM 7   ";"EL VIRREY DE SAN TELMO"
"20000486";"2";"ARGANZUELA          ";"206";"PALOS DE MOGUER     ";"11010081";"1";"PLAZA  LUCA DE TENA NUM 10   ";"28045";"441176,74";"4472764,46";"1";"Puerta Calle";"1";"Abierto";"10";"";"";"";"";"";"2";"Estacional";"1";"Abierta";"32,4";"";"05/09/2014";"11010081";"1";"PLAZA  LUCA DE TENA NUM 10   ";"BAR CERVECERIA TAPALOCA"
"20000492";"2";"ARGANZUELA          ";"201";"IMPERIAL            ";"11008029";"1";"PASEO  VIRGEN DEL PUERTO NUM 47   ";"28005";"438931,29";"4473618,77";"1";"Puerta Calle";"1";"Abierto";"40";"";"";"";"";"";"1";"Anual";"1";"Abierta";"33,98";"33,98";"25/06/2014";"11008029";"1";"PASEO  VIRGEN DEL PUERTO NUM 47   ";"BAR CENACHERO"
"20000526";"2";"ARGANZUELA          ";"202";"ACACIAS             ";"11008498";"1";"PASEO  ACACIAS NUM 11   ";"28005";"440335,35";"4473082,88";"1";"Puerta Calle";"1";"Abierto";"20";"";"";"";"";"";"1";"Anual";"1";"Abierta";"47,47";"27,56";"04/09/2014";"11008498";"1";"PASEO  ACACIAS NUM 11   ";"BAR ALCAZAR"
"20000528";"2";"ARGANZUELA          ";"202";"ACACIAS             ";"20107827";"1";"PASEO  ESPERANZA NUM 2  A";"28005";"440147,79";"4473014,84";"1";"Puerta Calle";"1";"Abierto";"20";"";"";"";"";"";"2";"Estacional";"1";"Abierta";"10,08";"";"24/07/2014";"20107827";"1";"PASEO  ESPERANZA NUM 2  A";"CHESS CAFE"
"20000557";"2";"ARGANZUELA          ";"206";"PALOS DE MOGUER     ";"11010042";"1";"CALLE  ANCORA NUM 4   ";"28045";"441284,42";"4472909,16";"1";"Puerta Calle";"1";"Abierto";"30";"";"";"";"";"";"1";"Anual";"1";"Abierta";"42,12";"42,12";"20/05/2014";"11010042";"1";"CALLE  ANCORA NUM 4   ";"RESTAURANTE ABADIA"
"20000566";"2";"ARGANZUELA          ";"205";"DELICIAS            ";"20007814";"1";"PASEO  DELICIAS NUM 139   ";"28045";"441146,01";"4471727,07";"1";"Puerta Calle";"1";"Abierto";"10";"";"";"";"";"";"1";"Anual";"1";"Abierta";"39,96";"39,96";"20/05/2014";"11009421";"1";"PASEO  DELICIAS NUM 137   ";"EL KUBO LOCO"
"20000578";"2";"ARGANZUELA          ";"206";"PALOS DE MOGUER     ";"11010263";"1";"CALLE  PALOS DE LA FRONTERA NUM 19   ";"28045";"441070,19";"4472962,32";"1";"Puerta Calle";"1";"Abierto";"10";"";"";"";"";"";"2";"Estacional";"1";"Abierta";"23,4";"";"24/07/2014";"11010263";"1";"CALLE  PALOS DE LA FRONTERA NUM 19   ";"EL PUCHERO DE LA ABUELA"
"20000582";"2";"ARGANZUELA          ";"206";"PALOS DE MOGUER     ";"11010225";"1";"PASEO  SANTA MARIA DE LA CABEZA NUM 38   ";"28045";"441012";"4473075,27";"1";"Puerta Calle";"1";"Abierto";"10";"";"";"";"";"";"1";"Anual";"1";"Abierta";"45,42";"27,25";"12/06/2014";"11010225";"1";"PASEO  SANTA MARIA DE LA CABEZA NUM 38   ";"VEN Y VERAS"
"20000605";"2";"ARGANZUELA          ";"201";"IMPERIAL            ";"11008222";"1";"GLORIETA  PIRAMIDES NUM 6   ";"28005";"439426,36";"4472748,08";"1";"Puerta Calle";"1";"Abierto";"20";"";"";"";"";"";"1";"Anual";"1";"Abierta";"27";"27";"16/06/2014";"11008222";"1";"GLORIETA  PIRAMIDES NUM 6   ";"CAFETERIA PIRAMIDES"
"20000669";"2";"ARGANZUELA          ";"202";"ACACIAS             ";"20123782";"1";"CALLE  MELILLA NUM 39   ";"28005";"439880,09";"4472615,23";"1";"Puerta Calle";"1";"Abierto";"50";"";"";"";"";"";"2";"Estacional";"1";"Abierta";"22,68";"";"04/09/2014";"20123782";"1";"CALLE  MELILLA NUM 39   ";"BAR MELILLA"
"20000682";"2";"ARGANZUELA          ";"202";"ACACIAS             ";"20147610";"1";"RONDA  TOLEDO NUM 20  A";"28005";"440136,65";"4473212,65";"1";"Puerta Calle";"1";"Abierto";"20";"";"";"";"";"";"1";"Anual";"1";"Abierta";"84,13";"59,07";"24/07/2014";"20145962";"1";"CALLE  RIBERA DE CURTIDORES NUM 43   ";"RESTAURANTE CLAN"
"20000694";"2";"ARGANZUELA          ";"201";"IMPERIAL            ";"20108101";"1";"PASEO  PONTONES NUM 20  A";"28005";"439212,1";"4473105,13";"1";"Puerta Calle";"1";"Abierto";"10";"";"";"";"";"";"2";"Estacional";"1";"Abierta";"8,74";"";"22/02/2016";"20108101";"1";"PASEO  PONTONES NUM 20  A";"CAFETERIA MONTESINOS"
"20000698";"2";"ARGANZUELA          ";"204";"LEGAZPI             ";"20106267";"1";"CALLE  PUERTO SERRANO NUM 28   ";"28045";"441832,13";"4471068,24";"1";"Puerta Calle";"1";"Abierto";"10";"";"";"";"";"";"1";"Anual";"1";"Abierta";"48,9";"17,5";"04/09/2014";"20106267";"1";"CALLE  PUERTO SERRANO NUM 28   ";"LAS TAPAS DE BACALAO"
"20000708";"2";"ARGANZUELA          ";"202";"ACACIAS             ";"20123832";"1";"PASEO  YESERIAS NUM 15  A";"28005";"439811,19";"4472621,83";"1";"Puerta Calle";"1";"Abierto";"120";"";"";"";"";"";"1";"Anual";"1";"Abierta";"59,95";"28,45";"25/06/2014";"20123832";"1";"PASEO  YESERIAS NUM 15  A";"TABERNA FANTASTICA"
"20000721";"2";"ARGANZUELA          ";"201";"IMPERIAL            ";"20106307";"1";"PASEO  DOCTOR VALLEJO NAGERA NUM 54   ";"28005";"439422,2";"4473078,04";"1";"Puerta Calle";"1";"Abierto";"40";"";"";"";"";"";"1";"Anual";"1";"Abierta";"45,36";"45,36";"22/05/2014";"20106307";"1";"PASEO  DOCTOR VALLEJO NAGERA NUM 54   ";"ARROCERIA IMPERIAL"
"20000722";"2";"ARGANZUELA          ";"204";"LEGAZPI             ";"20106264";"1";"CALLE  PUERTO SERRANO NUM 26   ";"28045";"441807,54";"4471047,13";"1";"Puerta Calle";"1";"Abierto";"10";"";"";"";"";"";"1";"Anual";"1";"Abierta";"60,02";"24,5";"22/02/2016";"20106264";"1";"CALLE  PUERTO SERRANO NUM 26   ";"CAFETERIA DON HUGO"
"20000761";"2";"ARGANZUELA          ";"202";"ACACIAS             ";"11008386";"1";"PASEO  YESERIAS NUM 45   ";"28005";"440147,42";"4472350,55";"1";"Puerta Calle";"1";"Abierto";"10";"";"";"";"";"";"2";"Estacional";"1";"Abierta";"16,91";"";"03/09/2014";"11008386";"1";"PASEO  YESERIAS NUM 45   ";"CERVECERIA MOLSON"
"20000767";"2";"ARGANZUELA          ";"206";"PALOS DE MOGUER     ";"11010036";"1";"CALLE  GENERAL LACY NUM 38   ";"28045";"441464,12";"4472796,3";"1";"Puerta Calle";"1";"Abierto";"10";"";"";"";"";"";"1";"Anual";"1";"Abierta";"19,44";"19,44";"24/07/2014";"11010036";"1";"CALLE  GENERAL LACY NUM 38   ";"CAFETERIA MAYRIT"
"20000829";"2";"ARGANZUELA          ";"202";"ACACIAS             ";"20104298";"1";"PASEO  DOCTOR VALLEJO NAGERA NUM 38   ";"28005";"439849,88";"4472902,54";"1";"Puerta Calle";"1";"Abierto";"10";"";"";"";"";"";"2";"Estacional";"1";"Abierta";"41,05";"";"12/01/2015";"20104298";"1";"PASEO  DOCTOR VALLEJO NAGERA NUM 38   ";"CAFE EUROPA"
"20000844";"2";"ARGANZUELA          ";"204";"LEGAZPI             ";"20150340";"1";"PASEO  MOLINO NUM 8  A";"28045";"441304,49";"4471455,07";"1";"Puerta Calle";"1";"Abierto";"50";"";"";"";"";"";"1";"Anual";"1";"Abierta";"12,96";"12,96";"16/06/2014";"20150340";"1";"PASEO  MOLINO NUM 8  A";"LA TXASKA ETXEA"
"20000865";"2";"ARGANZUELA          ";"202";"ACACIAS             ";"11008707";"1";"PASEO  SANTA MARIA DE LA CABEZA NUM 66  A";"28045";"440690,78";"4472680,31";"1";"Puerta Calle";"1";"Abierto";"20";"";"";"";"";"";"1";"Anual";"1";"Abierta";"37,44";"25,92";"27/05/2016";"31033184";"1";"GLORIETA  SANTA MARIA DE LA CABEZA NUM 12   ";"CAFETERIA LA EMBAJADA CERVECERIA"
"20000880";"2";"ARGANZUELA          ";"205";"DELICIAS            ";"11009668";"1";"PASEO  DELICIAS NUM 108   ";"28045";"441150,15";"4472118,34";"1";"Puerta Calle";"1";"Abierto";"10";"";"";"";"";"";"2";"Estacional";"1";"Abierta";"7,02";"";"01/08/2014";"11009668";"1";"PASEO  DELICIAS NUM 108   ";"CERVECERIA EL PASEO"
"20000904";"2";"ARGANZUELA          ";"201";"IMPERIAL            ";"31001536";"1";"CALLE  SAN EPIFANIO NUM 7  A";"28005";"439111,08";"4472759,07";"1";"Puerta Calle";"1";"Abierto";"20";"";"";"";"";"";"1";"Anual";"1";"Abierta";"58,87";"58,87";"10/06/2014";"31001536";"1";"CALLE  SAN EPIFANIO NUM 7  A";"EL CHISCON"
"20000920";"2";"ARGANZUELA          ";"206";"PALOS DE MOGUER     ";"11010330";"1";"CALLE  GENERAL LACY NUM 6   ";"28045";"441491,03";"4473108,74";"1";"Puerta Calle";"1";"Abierto";"10";"";"";"";"";"";"2";"Estacional";"1";"Abierta";"19,98";"";"01/08/2014";"11010330";"1";"CALLE  GENERAL LACY NUM 6   ";"PULPERIA O'RIBEIRIÑO"
"20000948";"2";"ARGANZUELA          ";"202";"ACACIAS             ";"11008668";"1";"PASEO  ESPERANZA NUM 57   ";"28005";"440508,06";"4472410,61";"1";"Puerta Calle";"1";"Abierto";"20";"";"";"";"";"";"1";"Anual";"1";"Abierta";"10,64";"10,64";"01/08/2014";"11008668";"1";"PASEO  ESPERANZA NUM 57   ";"TABERNA EL FORO"
"20000997";"2";"ARGANZUELA          ";"201";"IMPERIAL            ";"11008245";"1";"CALLE  TOLEDO NUM 140   ";"28005";"439588,01";"4473049,45";"1";"Puerta Calle";"1";"Abierto";"30";"";"";"";"";"";"1";"Anual";"1";"Abierta";"18,77";"18,77";"12/01/2015";"11008245";"1";"CALLE  TOLEDO NUM 140   ";"RESTAURANTE LA QUERIDA"
"20001016";"2";"ARGANZUELA          ";"206";"PALOS DE MOGUER     ";"11010436";"1";"PASEO  SANTA MARIA DE LA CABEZA NUM 17   ";"28045";"441175,34";"4473250,88";"1";"Puerta Calle";"1";"Abierto";"10";"";"";"";"";"";"2";"Estacional";"1";"Abierta";"29,16";"";"03/09/2014";"11010436";"1";"PASEO  SANTA MARIA DE LA CABEZA NUM 17   ";"BAR RTE VILLA DE VIGO"
"20001019";"2";"ARGANZUELA          ";"204";"LEGAZPI             ";"11009373";"1";"CALLE  BOLIVAR NUM 18  A";"28045";"441377,36";"4471711,17";"1";"Puerta Calle";"1";"Abierto";"30";"";"";"";"";"";"1";"Anual";"1";"Abierta";"64,79";"64,79";"10/07/2014";"11009373";"1";"CALLE  BOLIVAR NUM 18  A";"CAFETERIA TRASMONTANA RESTAURANTE"
"20001031";"2";"ARGANZUELA          ";"204";"LEGAZPI             ";"20126587";"1";"CALLE  TENIENTE CORONEL NOREÃ‘A NUM 26   ";"28045";"441272,43";"4471285,74";"1";"Puerta Calle";"1";"Abierto";"20";"";"";"";"";"";"1";"Anual";"1";"Abierta";"45,36";"45,36";"03/09/2014";"20129030";"1";"CALLE  JULIAN RABANEDO NUM 44   ";"RESTAURANTE LOS CASTAÑOS"
"20001037";"2";"ARGANZUELA          ";"205";"DELICIAS            ";"11009847";"1";"CALLE  FERROCARRIL NUM 21   ";"28045";"441006,75";"4472674,75";"1";"Puerta Calle";"1";"Abierto";"20";"";"";"";"";"";"1";"Anual";"1";"Abierta";"41,85";"41,85";"09/05/2014";"11009847";"1";"CALLE  FERROCARRIL NUM 21   ";"BAR-RESTAURANTE MADRID MEDITERRANEO"
"20001073";"2";"ARGANZUELA          ";"203";"CHOPERA             ";"11008800";"1";"CALLE  TORRES MIRANDA NUM 15   ";"28045";"440708,61";"4472380,63";"1";"Puerta Calle";"1";"Abierto";"30";"";"";"";"";"";"1";"Anual";"1";"Abierta";"10,4";"10,4";"25/06/2014";"11008800";"1";"CALLE  TORRES MIRANDA NUM 15   ";"CAFETERIA TRANSMONTANO"
"20001080";"2";"ARGANZUELA          ";"203";"CHOPERA             ";"11008916";"1";"CALLE  JAIME EL CONQUISTADOR NUM 15   ";"28045";"440878,75";"4472238,91";"1";"Puerta Calle";"1";"Abierto";"20";"";"";"";"";"";"1";"Anual";"1";"Abierta";"37,87";"37,87";"30/04/2014";"11008916";"1";"CALLE  JAIME EL CONQUISTADOR NUM 15   ";"BAR EL CONQUISTADOR"
"20001082";"2";"ARGANZUELA          ";"201";"IMPERIAL            ";"20085008";"1";"PASEO  DOCTOR VALLEJO NAGERA NUM 51   ";"28005";"439495,11";"4472990,47";"1";"Puerta Calle";"1";"Abierto";"10";"";"";"";"";"";"1";"Anual";"1";"Abierta";"35,64";"35,64";"22/05/2014";"20085008";"1";"PASEO  DOCTOR VALLEJO NAGERA NUM 51   ";"RODILLA"
"20001084";"2";"ARGANZUELA          ";"202";"ACACIAS             ";"11008672";"1";"PASEO  SANTA MARIA DE LA CABEZA NUM 88   ";"28045";"440521,34";"4472387,09";"1";"Puerta Calle";"1";"Abierto";"10";"";"";"";"";"";"1";"Anual";"1";"Abierta";"58,31";"58,31";"02/07/2014";"11008672";"1";"PASEO  SANTA MARIA DE LA CABEZA NUM 88   ";"R0TULO NO INFORMADO"
"20001101";"2";"ARGANZUELA          ";"201";"IMPERIAL            ";"11008215";"1";"PASEO  IMPERIAL NUM 53   ";"28005";"439383,3";"4473053,1";"1";"Puerta Calle";"1";"Abierto";"10";"";"";"";"";"";"1";"Anual";"1";"Abierta";"47,81";"47,81";"30/04/2014";"11008215";"1";"PASEO  IMPERIAL NUM 53   ";"CERVECERIA CANTALEJO RESTAURANTE"
"20001104";"2";"ARGANZUELA          ";"204";"LEGAZPI             ";"11009187";"1";"CALLE  MANUEL ALEIXANDRE NUM 2   ";"28045";"441185,17";"4471583,35";"1";"Puerta Calle";"1";"Abierto";"30";"";"";"";"";"";"1";"Anual";"1";"Abierta";"5,76";"5,76";"10/06/2014";"11009200";"1";"PASEO  MOLINO NUM 1   ";"NEMRUT DÖNER KEBAP"
"20001213";"2";"ARGANZUELA          ";"203";"CHOPERA             ";"11008812";"1";"PASEO  CHOPERA NUM 21   ";"28045";"440599,32";"4472143,27";"1";"Puerta Calle";"1";"Abierto";"20";"";"";"";"";"";"1";"Anual";"1";"Abierta";"81";"81";"04/03/2015";"11008812";"1";"PASEO  CHOPERA NUM 21   ";"CERVECERIA-RESTAURANTE LUIS"
"20001216";"2";"ARGANZUELA          ";"203";"CHOPERA             ";"11009026";"1";"PASEO  CHOPERA NUM 53   ";"28045";"440945,61";"4471797,04";"1";"Puerta Calle";"1";"Abierto";"20";"";"";"";"";"";"1";"Anual";"1";"Abierta";"22,32";"22,32";"10/07/2014";"11009026";"1";"PASEO  CHOPERA NUM 53   ";"CAFETERIA FUSION MATADERO"
"20001218";"2";"ARGANZUELA          ";"204";"LEGAZPI             ";"20078461";"1";"CALLE  BRONCE NUM 35   ";"28045";"441595,22";"4471290,33";"1";"Puerta Calle";"1";"Abierto";"40";"";"";"";"";"";"1";"Anual";"1";"Abierta";"13,58";"13,58";"19/02/2015";"20078461";"1";"CALLE  BRONCE NUM 35   ";"RESTAURANTE BAR EL HORREO"
"20001253";"2";"ARGANZUELA          ";"203";"CHOPERA             ";"11008745";"1";"CALLE  EMBAJADORES NUM 130   ";"28045";"440857,02";"4472473,85";"1";"Puerta Calle";"1";"Abierto";"10";"";"";"";"";"";"1";"Anual";"1";"Abierta";"16,2";"16,2";"12/01/2015";"11008745";"1";"CALLE  EMBAJADORES NUM 130   ";"UNIVERSO KEBAB-PARA LLEVAR"
"20001326";"2";"ARGANZUELA          ";"201";"IMPERIAL            ";"11008273";"1";"CALLE  TOLEDO NUM 122   ";"28005";"439662,57";"4473250,76";"1";"Puerta Calle";"1";"Abierto";"20";"";"";"";"";"";"1";"Anual";"1";"Abierta";"38,35";"38,35";"13/03/2015";"11008273";"1";"CALLE  TOLEDO NUM 122   ";"RESTAURANTE RIOJANOS MADRID"
"20001330";"2";"ARGANZUELA          ";"201";"IMPERIAL            ";"11008129";"1";"RONDA  SEGOVIA NUM 16   ";"28005";"439282,81";"447355,96";"1";"Puerta Calle";"1";"Abierto";"20";"";"";"";"";"";"2";"Estacional";"1";"Abierta";"22,7";"";"01/08/2014";"11008129";"1";"RONDA  SEGOVIA NUM 16   ";"SABOR"
"20001343";"2";"ARGANZUELA          ";"206";"PALOS DE MOGUER     ";"20107716";"1";"CALLE  PALOS DE LA FRONTERA NUM 42  A";"28045";"441223,6";"4472885,07";"1";"Puerta Calle";"1";"Abierto";"30";"";"";"";"";"";"2";"Estacional";"1";"Abierta";"16,32";"";"26/05/2015";"20008120";"1";"PASEO  DELICIAS NUM 44  A";"RODILLA"
"20001359";"2";"ARGANZUELA          ";"202";"ACACIAS             ";"11008354";"1";"PASEO  YESERIAS NUM 3   ";"28005";"439639,11";"4472668,47";"1";"Puerta Calle";"1";"Abierto";"10";"";"";"";"";"";"2";"Estacional";"1";"Abierta";"10,3";"";"16/02/2015";"11008354";"1";"PASEO  YESERIAS NUM 3   ";"PARAISO"
"20001407";"2";"ARGANZUELA          ";"202";"ACACIAS             ";"11008521";"1";"CALLE  EMBAJADORES NUM 78   ";"28012";"440542,09";"4473043,28";"1";"Puerta Calle";"1";"Abierto";"20";"";"";"";"";"";"1";"Anual";"1";"Abierta";"12,69";"12,69";"03/07/2015";"11008521";"1";"CALLE  EMBAJADORES NUM 78   ";"BASHUNDHARA"
"20001410";"2";"ARGANZUELA          ";"206";"PALOS DE MOGUER     ";"20008260";"1";"CALLE  BATALLA DEL SALADO NUM 8   ";"28045";"441027,16";"4472965,87";"1";"Puerta Calle";"1";"Abierto";"30";"";"";"";"";"";"1";"Anual";"1";"Abierta";"59,58";"34,1";"04/09/2014";"11010262";"1";"CALLE  PALOS DE LA FRONTERA NUM 17   ";"LA TABERNA DEL TIO INDA"
"20001434";"2";"ARGANZUELA          ";"201";"IMPERIAL            ";"11008028";"1";"PASEO  VIRGEN DEL PUERTO NUM 45   ";"28005";"438930,76";"4473651,5";"1";"Puerta Calle";"1";"Abierto";"60";"";"";"";"";"";"1";"Anual";"1";"Abierta";"25,92";"25,92";"31/07/2015";"11008028";"1";"PASEO  VIRGEN DEL PUERTO NUM 45   ";"BAR MURILLO II"
"20001456";"2";"ARGANZUELA          ";"201";"IMPERIAL            ";"20084973";"1";"PASEO  IMPERIAL NUM 89   ";"28005";"439433,3";"4472871,13";"1";"Puerta Calle";"1";"Abierto";"10";"";"";"";"";"";"1";"Anual";"1";"Abierta";"32,04";"32,04";"04/09/2014";"20084973";"1";"PASEO  IMPERIAL NUM 89   ";"BAR DAKOTA"
"20001504";"2";"ARGANZUELA          ";"205";"DELICIAS            ";"20175556";"1";"CALLE  BUSTAMANTE NUM 26  A";"28045";"441820,94";"4472614,28";"1";"Puerta Calle";"1";"Abierto";"30";"";"";"";"";"";"2";"Estacional";"1";"Abierta";"22,68";"";"01/08/2014";"31006497";"1";"CALLE  VILLA DEL PRADO NUM 2   ";"RESTAURANTE VILLA DEL PRADO"
"20001524";"2";"ARGANZUELA          ";"202";"ACACIAS             ";"20123832";"1";"PASEO  YESERIAS NUM 15  A";"28005";"439799,24";"4472561,17";"1";"Puerta Calle";"1";"Abierto";"20";"";"";"";"";"";"1";"Anual";"1";"Abierta";"16,64";"16,64";"12/01/2015";"20123832";"1";"PASEO  YESERIAS NUM 15  A";"BAR CAFETERIA EL PUENTE"
"20001579";"2";"ARGANZUELA          ";"202";"ACACIAS             ";"20123832";"1";"PASEO  YESERIAS NUM 15  A";"28005";"439796,7";"4472600,77";"1";"Puerta Calle";"1";"Abierto";"150";"";"";"";"";"";"1";"Anual";"1";"Abierta";"75,6";"37,8";"17/12/2014";"20123832";"1";"PASEO  YESERIAS NUM 15  A";"RESTAURANTE OBOI PARRILLA"
"20001581";"2";"ARGANZUELA          ";"203";"CHOPERA             ";"11009098";"1";"CALLE  GUILLERMO DE OSMA NUM 29   ";"28045";"440892,88";"4471871,72";"1";"Puerta Calle";"1";"Abierto";"10";"";"";"";"";"";"2";"Estacional";"1";"Abierta";"38,88";"";"24/07/2014";"11009098";"1";"CALLE  GUILLERMO DE OSMA NUM 29   ";"PEÑA ATLETICA LEGAZPI"
"20001615";"2";"ARGANZUELA          ";"207";"ATOCHA              ";"20111956";"1";"CALLE  RETAMA NUM 7   ";"28045";"442698,73";"4471869,98";"1";"Puerta Calle";"1";"Abierto";"10";"";"";"";"";"";"2";"Estacional";"1";"Abierta";"25,92";"";"26/06/2015";"20111956";"1";"CALLE  RETAMA NUM 7   ";"ENSALADAS Y MAS"
"20001620";"2";"ARGANZUELA          ";"206";"PALOS DE MOGUER     ";"11010198";"1";"RONDA  ATOCHA NUM 35   ";"28012";"440834,08";"4473253,11";"1";"Puerta Calle";"1";"Abierto";"10";"";"";"";"";"";"2";"Estacional";"1";"Abierta";"12,96";"12,96";"13/08/2015";"11010198";"1";"RONDA  ATOCHA NUM 35   ";"TEATRO CIRCO PRICE Y CAFETERIA CHAPITEAU"
"20001627";"2";"ARGANZUELA          ";"205";"DELICIAS            ";"20137399";"1";"CALLE  BOLIVAR NUM 15  A";"28045";"441499,34";"4471872,17";"1";"Puerta Calle";"1";"Abierto";"110";"";"";"";"";"";"2";"Estacional";"1";"Abierta";"9,36";"";"01/08/2014";"20137399";"1";"CALLE  BOLIVAR NUM 15  A";"BAR CAFETERIA YULI"
"20001631";"2";"ARGANZUELA          ";"202";"ACACIAS             ";"11008438";"1";"PASEO  ACACIAS NUM 4   ";"28005";"440309,54";"4473109,08";"1";"Puerta Calle";"1";"Abierto";"20";"";"";"";"";"";"1";"Anual";"1";"Abierta";"22,32";"22,32";"22/03/2016";"11008438";"1";"PASEO  ACACIAS NUM 4   ";"KEBAB DEL MUNDO"
"20001670";"2";"ARGANZUELA          ";"202";"ACACIAS             ";"11008546";"1";"CALLE  EMBAJADORES NUM 96   ";"28012";"440631,52";"4472889,93";"1";"Puerta Calle";"1";"Abierto";"10";"";"";"";"";"";"2";"Estacional";"1";"Abierta";"14,04";"";"24/07/2014";"11008546";"1";"CALLE  EMBAJADORES NUM 96   ";"SONAR BANGLA DONER KEBAB"
"20001671";"2";"ARGANZUELA          ";"202";"ACACIAS             ";"20123832";"1";"PASEO  YESERIAS NUM 15  A";"28005";"439785,89";"4472570,3";"1";"Puerta Calle";"1";"Abierto";"10";"";"";"";"";"";"2";"Estacional";"1";"Abierta";"36,4";"";"24/07/2014";"20123832";"1";"PASEO  YESERIAS NUM 15  A";"MIS TRADICIONES DEL NORTE"
"20001739";"2";"ARGANZUELA          ";"204";"LEGAZPI             ";"31024605";"1";"CALLE  EROS NUM 7  A";"28045";"442513,05";"4471772,34";"1";"Puerta Calle";"1";"Abierto";"10";"";"";"";"";"";"1";"Anual";"1";"Abierta";"10,8";"10,8";"04/09/2014";"31012639";"1";"CALLE  PLANETA TIERRA NUM 2   ";"THE WOK"
"20001754";"2";"ARGANZUELA          ";"206";"PALOS DE MOGUER     ";"11010261";"1";"CALLE  PALOS DE LA FRONTERA NUM 38   ";"28045";"441035,12";"4472932,98";"1";"Puerta Calle";"1";"Abierto";"40";"";"";"";"";"";"1";"Anual";"1";"Abierta";"8,64";"8,64";"06/02/2015";"11010261";"1";"CALLE  PALOS DE LA FRONTERA NUM 38   ";"LA TABERNA DE ALFONSO"
"20001779";"2";"ARGANZUELA          ";"202";"ACACIAS             ";"31011503";"1";"CALLE  NOGALES NUM 1   ";"28005";"439953,94";"4472946,75";"1";"Puerta Calle";"1";"Abierto";"30";"";"";"";"";"";"2";"Estacional";"1";"Abierta";"43,43";"";"12/01/2015";"20007320";"1";"PASEO  ACACIAS NUM 39   ";"JEAN LOUIS DAVID"
"20001786";"2";"ARGANZUELA          ";"202";"ACACIAS             ";"11008460";"1";"RONDA  TOLEDO NUM 18   ";"28005";"440088,99";"4473233,33";"1";"Puerta Calle";"1";"Abierto";"10";"";"";"";"";"";"1";"Anual";"1";"Abierta";"14,4";"14,4";"02/07/2014";"11008460";"1";"RONDA  TOLEDO NUM 18   ";"CAFETERIA RONDA DE TOLEDO"
"20001845";"2";"ARGANZUELA          ";"204";"LEGAZPI             ";"31024611";"1";"CALLE  EROS NUM 7  G";"28045";"442468,53";"4471807,44";"1";"Puerta Calle";"1";"Abierto";"20";"";"";"";"";"";"1";"Anual";"1";"Abierta";"32";"32";"04/09/2014";"31024611";"1";"CALLE  EROS NUM 7  G";"EL HAYEDO"
"20001890";"2";"ARGANZUELA          ";"204";"LEGAZPI             ";"31024609";"1";"CALLE  EROS NUM 7  E";"28045";"442496,3";"4471847,91";"1";"Puerta Calle";"1";"Abierto";"20";"";"";"";"";"";"1";"Anual";"1";"Abierta";"13,98";"13,98";"10/07/2014";"31024609";"1";"CALLE  EROS NUM 7  E";"CHURRERIA PATUCHURRO"
"20001901";"2";"ARGANZUELA          ";"204";"LEGAZPI             ";"31011524";"1";"CALLE  EROS NUM 16   ";"28045";"442431,21";"4471703,03";"1";"Puerta Calle";"1";"Abierto";"10";"";"";"";"";"";"1";"Anual";"1";"Abierta";"93,48";"55,04";"12/01/2015";"31033821";"1";"CALLE  PLANETA TIERRA NUM 4   ";"ELVIRREY DE SAN TELMO"
"20001916";"2";"ARGANZUELA          ";"205";"DELICIAS            ";"20139322";"1";"CALLE  GRANITO NUM 10   ";"28045";"441353,03";"4471722,34";"1";"Puerta Calle";"1";"Abierto";"10";"";"";"";"";"";"2";"Estacional";"1";"Abierta";"51,66";"";"24/07/2014";"20139322";"1";"CALLE  GRANITO NUM 10   ";"JAPAN PEARL"
"20001935";"2";"ARGANZUELA          ";"205";"DELICIAS            ";"31023929";"1";"CALLE  PLOMO NUM 18  A";"28045";"441532,06";"4471907,67";"1";"Puerta Calle";"1";"Abierto";"10";"";"";"";"";"";"1";"Anual";"1";"Abierta";"17,28";"17,28";"16/06/2014";"31023929";"1";"CALLE  PLOMO NUM 18  A";"SMALL COFFE DRINK"
"20001954";"2";"ARGANZUELA          ";"203";"CHOPERA             ";"11008794";"1";"CALLE  AGUILON NUM 5   ";"28045";"440576,15";"4472340,29";"1";"Puerta Calle";"1";"Abierto";"10";"";"";"";"";"";"1";"Anual";"1";"Abierta";"20,75";"20,75";"30/03/2015";"11008794";"1";"CALLE  AGUILON NUM 5   ";"CERVECERIA TOMY"
"20001967";"2";"ARGANZUELA          ";"201";"IMPERIAL            ";"20138989";"1";"CALLE  SANGARCIA NUM 3   ";"28005";"439098,45";"4473123,88";"1";"Puerta Calle";"1";"Abierto";"10";"";"";"";"";"";"1";"Anual";"1";"Abierta";"19,8";"19,8";"08/06/2015";"20078246";"1";"CALLE  COBOS DE SEGOVIA NUM 30   ";"MUESTRA "AREZZO PIZZERIA" / BANDERIN "PIZZAREZZO""
"20001970";"2";"ARGANZUELA          ";"204";"LEGAZPI             ";"31011526";"1";"CALLE  EROS NUM 20   ";"28045";"442463,99";"4471731,15";"1";"Puerta Calle";"1";"Abierto";"20";"";"";"";"";"";"2";"Estacional";"1";"Abierta";"60,27";"";"24/07/2014";"31011526";"1";"CALLE  EROS NUM 20   ";"RESTAURANTE DOÑA LAMBRA"
"20001971";"2";"ARGANZUELA          ";"204";"LEGAZPI             ";"31011525";"1";"CALLE  EROS NUM 18   ";"28045";"442446,37";"447171,57";"1";"Puerta Calle";"1";"Abierto";"10";"";"";"";"";"";"1";"Anual";"1";"Abierta";"103,68";"45";"12/01/2015";"31033821";"1";"CALLE  PLANETA TIERRA NUM 4   ";"BAHIA DE MADRID"
"30000038";"3";"RETIRO              ";"304";"IBIZA               ";"11012263";"1";"CALLE  IBIZA NUM 56   ";"28009";"443116,52";"4474567";"4";"Puerta Calle";"1";"Cerrado";"10";"";"";"";"";"";"2";"Estacional";"1";"Abierta";"36";"";"29/07/2015";"11012263";"1";"CALLE  IBIZA NUM 56   ";"BALEAR DOS"
"30000104";"3";"RETIRO              ";"301";"PACIFICO            ";"11011126";"1";"CALLE  CAVANILLES NUM 50   ";"28007";"44287,67";"4473152,74";"1";"Puerta Calle";"1";"Abierto";"30";"";"";"";"";"";"2";"Estacional";"1";"Abierta";"23,76";"";"14/06/2016";"11011126";"1";"CALLE  CAVANILLES NUM 50   ";"IL NONNO"
"30000146";"3";"RETIRO              ";"305";"LOS JERONIMOS       ";"11012947";"1";"CALLE  MORETO NUM 17   ";"28014";"441550,23";"4474039,11";"1";"Puerta Calle";"1";"Abierto";"20";"";"";"";"";"";"1";"Anual";"1";"Abierta";"16,06";"16,06";"08/04/2016";"11012947";"1";"CALLE  MORETO NUM 17   ";"BAR SANTA CLARA"
"30000248";"3";"RETIRO              ";"302";"ADELFAS             ";"20104024";"1";"CALLE  SECO NUM 1  A";"28007";"443117,03";"4472494,81";"1";"Puerta Calle";"1";"Abierto";"30";"";"";"";"";"";"1";"Anual";"1";"Abierta";"6,9";"6,9";"19/05/2015";"20104024";"1";"CALLE  SECO NUM 1  A";"LAZARO S"
"30000374";"3";"RETIRO              ";"303";"ESTRELLA            ";"11012062";"1";"CALLE  ALCALDE SAINZ DE BARANDA NUM 76   ";"28007";"443506,79";"4474496,49";"1";"Puerta Calle";"1";"Abierto";"10";"";"";"";"";"";"2";"Estacional";"1";"Abierta";"13";"";"05/08/2014";"11012062";"1";"CALLE  ALCALDE SAINZ DE BARANDA NUM 76   ";"SAINZ DE BARANDA 76"
"30000409";"3";"RETIRO              ";"303";"ESTRELLA            ";"11011817";"1";"CALLE  DOCTOR ESQUERDO NUM 157   ";"28007";"443283,16";"4473579,48";"1";"Puerta Calle";"1";"Abierto";"10";"";"";"";"";"";"1";"Anual";"1";"Abierta";"32,76";"32,76";"26/03/2015";"11011817";"1";"CALLE  DOCTOR ESQUERDO NUM 157   ";"CERVECERIA CRUZ BANCA"
"30000416";"3";"RETIRO              ";"301";"PACIFICO            ";"11010793";"1";"CALLE  CAVANILLES NUM 8   ";"28007";"442561,46";"4473346,01";"1";"Puerta Calle";"1";"Abierto";"20";"";"";"";"";"";"2";"Estacional";"1";"Abierta";"23,94";"";"29/07/2015";"11010793";"1";"CALLE  CAVANILLES NUM 8   ";"EL RINCON DE EXTREMADURA"
"30000472";"3";"RETIRO              ";"301";"PACIFICO            ";"11010625";"1";"AVENIDA  CIUDAD DE BARCELONA NUM 5   ";"28007";"442171,15";"4473154,15";"1";"Puerta Calle";"1";"Abierto";"10";"";"";"";"";"";"1";"Anual";"1";"Abierta";"22,68";"22,68";"18/08/2016";"31005747";"1";"CALLE  JULIAN GAYARRE NUM 2   ";"CASA RICARDO"
"30000480";"3";"RETIRO              ";"301";"PACIFICO            ";"11010858";"1";"AVENIDA  MEDITERRANEO NUM 16   ";"28007";"442784,18";"4473362,79";"1";"Puerta Calle";"1";"Abierto";"10";"";"";"";"";"";"1";"Anual";"1";"Abierta";"43,32";"15,98";"05/07/2016";"11010858";"1";"AVENIDA  MEDITERRANEO NUM 16   ";"LOS VIÑEDOS MADRID"
"30000493";"3";"RETIRO              ";"305";"LOS JERONIMOS       ";"11012765";"1";"CALLE  JUAN DE MENA NUM 12   ";"28014";"441589,57";"4474506,48";"1";"Puerta Calle";"1";"Abierto";"10";"";"";"";"";"";"1";"Anual";"1";"Abierta";"1,48";"1,48";"27/04/2015";"11012765";"1";"CALLE  JUAN DE MENA NUM 12   ";"A Z FOOD  AND CAFE"
"30000498";"3";"RETIRO              ";"303";"ESTRELLA            ";"11011913";"1";"CALLE  ESTRELLA POLAR NUM 18   ";"28007";"443599,8";"4473724,95";"1";"Puerta Calle";"1";"Abierto";"10";"";"";"";"";"";"2";"Estacional";"1";"Abierta";"19,8";"";"29/09/2016";"11011913";"1";"CALLE  ESTRELLA POLAR NUM 18   ";"CAFETERIA ESTRELLA POLAR                          "
"30000531";"3";"RETIRO              ";"301";"PACIFICO            ";"11011181";"1";"CALLE  CARIDAD NUM 2   ";"28007";"442790,49";"4472787,15";"1";"Puerta Calle";"1";"Abierto";"10";"";"";"";"";"";"1";"Anual";"1";"Abierta";"23,12";"23,12";"09/04/2015";"11011181";"1";"CALLE  CARIDAD NUM 2   ";"LA MONUMENTAL"
"30000554";"3";"RETIRO              ";"304";"IBIZA               ";"11012435";"1";"CALLE  IBIZA NUM 25   ";"28009";"442804,44";"4474620,53";"1";"Puerta Calle";"1";"Abierto";"10";"";"";"";"";"";"1";"Anual";"1";"Abierta";"35,22";"35,22";"13/11/2015";"11012435";"1";"CALLE  IBIZA NUM 25   ";"TXIRIMIRI"
"30000586";"3";"RETIRO              ";"304";"IBIZA               ";"11012333";"1";"CALLE  MAIQUEZ NUM 31   ";"28009";"443001,69";"4474388,35";"1";"Puerta Calle";"1";"Abierto";"10";"";"";"";"";"";"2";"Estacional";"1";"Abierta";"23,4";"";"25/03/2015";"11012319";"1";"CALLE  DOCE DE OCTUBRE NUM 31   ";"VOSS..."
"30000587";"3";"RETIRO              ";"306";"NIÑO JESUS          ";"11013553";"1";"CALLE  PIO BAROJA NUM 7   ";"28009";"442931,67";"4474143,74";"1";"Puerta Calle";"1";"Abierto";"10";"";"";"";"";"";"2";"Estacional";"1";"Abierta";"30";"";"12/04/2016";"11013553";"1";"CALLE  PIO BAROJA NUM 7   ";"LIMA-LIM0N"
"30000699";"3";"RETIRO              ";"304";"IBIZA               ";"11012221";"1";"CALLE  ALCALDE SAINZ DE BARANDA NUM 63   ";"28009";"443256,45";"4474434,76";"1";"Puerta Calle";"1";"Abierto";"10";"";"";"";"";"";"2";"Estacional";"1";"Abierta";"43,4";"";"06/05/2016";"11012221";"1";"CALLE  ALCALDE SAINZ DE BARANDA NUM 63   ";"CALZADO-COMPLEMENTOS"
"30000710";"3";"RETIRO              ";"306";"NIÑO JESUS          ";"11013474";"1";"CALLE  DOCTOR ESQUERDO NUM 70   ";"28007";"443275,91";"4474087,53";"1";"Puerta Calle";"1";"Abierto";"10";"";"";"";"";"";"2";"Estacional";"1";"Abierta";"14";"";"14/12/2015";"11013474";"1";"CALLE  DOCTOR ESQUERDO NUM 70   ";"GINOS"
